<?xml version="1.0"?>
<!--
/**
 * Main config of module
 *
 * @category    Webinse
 * @package     Webinse_AbandonedCart
 * @author      Webinse Team <info@webinse.com>
 * @copyright   2018 Webinse Ltd. (https://www.webinse.com)
 * @license     http://opensource.org/licenses/OSL-3.0 The Open Software License 3.0
 */
-->
<config xmlns:xsi="http://www.w3.org/2001/XMLSchema-instance"
        xsi:noNamespaceSchemaLocation="urn:magento:framework:Acl/etc/acl.xsd">
    <acl>
        <resources>
            <resource id="Magento_Backend::admin">
                <resource id="Webinse_Core::core" title="Webinse" sortOrder="1">
                    <resource id="Webinse_AbandonedCart::settings"
                              title="Abandoned Cart Configuration" sortOrder="50">
                        <resource id="Webinse_AbandonedCart::cartrules" title="Abandoned Cart Cart Rules" sortOrder="50"/>
                        <resource id="Webinse_AbandonedCart::blacklist" title="Abandoned Cart Black List" sortOrder="50"/>
                        <resource id="Webinse_AbandonedCart::emaillog" title="Abandoned Cart Email Log" sortOrder="50"/>
                        <resource id="Webinse_AbandonedCart::abandonedcart_configurations" title="Abandoned Cart Configuration" sortOrder="50"/>
                        <resource id="Webinse_AbandonedCart::abandonedcart_configuration" title="Abandoned Cart Configuration" sortOrder="50"/>
                    </resource>
                </resource>
            </resource>
        </resources>
    </acl>
</config>