<?xml version="1.0"?>
<!--
/**
 * Main config of module
 *
 * @category    Webinse
 * @package     Webinse_AbandonedCart
 * @author      Webinse Team <info@webinse.com>
 * @copyright   2018 Webinse Ltd. (https://www.webinse.com)
 * @license     http://opensource.org/licenses/OSL-3.0 The Open Software License 3.0
 */
-->
<config xmlns:xsi="http://www.w3.org/2001/XMLSchema-instance" xsi:noNamespaceSchemaLocation="urn:magento:framework:ObjectManager/etc/config.xsd">
    <preference for="Webinse\AbandonedCart\Api\Data\EmailLogInterface" type="Webinse\AbandonedCart\Model\EmailLog" />
    <preference for="Webinse\AbandonedCart\Api\Data\BlackListInterface" type="Webinse\AbandonedCart\Model\BlackList" />
    <preference for="Webinse\AbandonedCart\Api\Data\CartRulesInterface" type="Webinse\AbandonedCart\Model\CartRules" />

    <virtualType name="UiGridGridFilterPool" type="Magento\Framework\View\Element\UiComponent\DataProvider\FilterPool">
        <arguments>
            <argument name="appliers" xsi:type="array">
                <item name="regular" xsi:type="object">Magento\Framework\View\Element\UiComponent\DataProvider\RegularFilter</item>
                <item name="fulltext" xsi:type="object">Magento\Framework\View\Element\UiComponent\DataProvider\FulltextFilter</item>
            </argument>
        </arguments>
    </virtualType>
    <virtualType name="UiGridGridDataProvider" type="Magento\Framework\View\Element\UiComponent\DataProvider\DataProvider">
        <arguments>
            <argument name="collection" xsi:type="object" shared="false">Webinse\AbandonedCart\Model\ResourceModel\EmailLog\Collection</argument>
            <argument name="filterPool" xsi:type="object" shared="false">UiGridGridFilterPool</argument>
        </arguments>

        <arguments>
            <argument name="collection" xsi:type="object" shared="false">Webinse\AbandonedCart\Model\ResourceModel\BlackList\Collection</argument>
            <argument name="filterPool" xsi:type="object" shared="false">UiGridGridFilterPool</argument>
        </arguments>

        <arguments>
            <argument name="collection" xsi:type="object" shared="false">Webinse\AbandonedCart\Model\ResourceModel\CartRules\Collection</argument>
            <argument name="filterPool" xsi:type="object" shared="false">UiGridGridFilterPool</argument>
        </arguments>
    </virtualType>
    <virtualType name="Webinse\AbandonedCart\Model\ResourceModel\EmailLog\Grid\Collection" type="Magento\Framework\View\Element\UiComponent\DataProvider\SearchResult">
        <arguments>
            <argument name="mainTable" xsi:type="string">email_log</argument>
            <argument name="resourceModel" xsi:type="string">Webinse\AbandonedCart\Model\ResourceModel\EmailLog</argument>
        </arguments>
    </virtualType>

    <virtualType name="Webinse\AbandonedCart\Model\ResourceModel\BlackList\Grid\Collection" type="Magento\Framework\View\Element\UiComponent\DataProvider\SearchResult">
        <arguments>
            <argument name="mainTable" xsi:type="string">black_list</argument>
            <argument name="resourceModel" xsi:type="string">Webinse\AbandonedCart\Model\ResourceModel\BlackList</argument>
        </arguments>
    </virtualType>

    <virtualType name="Webinse\AbandonedCart\Model\ResourceModel\CartRules\Grid\Collection" type="Magento\Framework\View\Element\UiComponent\DataProvider\SearchResult">
        <arguments>
            <argument name="mainTable" xsi:type="string">webinse_ac_rules</argument>
            <argument name="resourceModel" xsi:type="string">Webinse\AbandonedCart\Model\ResourceModel\CartRules</argument>
        </arguments>
    </virtualType>

    <type name="Magento\Framework\View\Element\UiComponent\DataProvider\CollectionFactory">
        <arguments>
            <argument name="collections" xsi:type="array">
                <item name="webinse_abandonedcart_emaillog_listing_data_source" xsi:type="string">Webinse\AbandonedCart\Model\ResourceModel\EmailLog\Grid\Collection</item>
            </argument>
        </arguments>

        <arguments>
            <argument name="collections" xsi:type="array">
                <item name="webinse_abandonedcart_blacklist_listing_data_source" xsi:type="string">Webinse\AbandonedCart\Model\ResourceModel\BlackList\Grid\Collection</item>
            </argument>
        </arguments>

        <arguments>
            <argument name="collections" xsi:type="array">
                <item name="webinse_abandonedcart_cartrules_listing_data_source" xsi:type="string">Webinse\AbandonedCart\Model\ResourceModel\CartRules\Grid\Collection</item>
            </argument>
        </arguments>
    </type>

</config>