<?xml version="1.0"?>
<!--
/**
 * Webinse Misspell menu ACL file.
 *
 * @category	Webinse
 * @package 	Webinse_CategoryFilter
 * @author  	Webinse Team <info@webinse.com>
 * @copyright   2018 Webinse Ltd. (https://www.webinse.com)
 * @license 	http://opensource.org/licenses/OSL-3.0 The Open Software License 3.0
 */
-->
<config xmlns:xsi="http://www.w3.org/2001/XMLSchema-instance" xsi:noNamespaceSchemaLocation="urn:magento:framework:Acl/etc/acl.xsd">
    <acl>
        <resources>
            <resource id="Magento_Backend::admin">
                <resource id="Webinse_Core::core">
                    <resource id="Webinse_CategoryFilter::settings" title="Misspell" sortOrder="10">
                        <resource id="Webinse_CategoryFilter::categoryfilter_configuration" title="Configuration" sortOrder="1"/>
                        </resource>
                </resource>
            </resource>
        </resources>
    </acl>
</config>