<?xml version="1.0"?>
<!--
/**
 * Acl
 *
 * @category	Webinse
 * @package 	Webinse_AdvancedDiscountCoupons
 * @author  	Webinse Team <info@webinse.com>
 * @copyright   2017 Webinse Ltd. (https://www.webinse.com)
 * @license 	http://opensource.org/licenses/OSL-3.0 The Open Software License 3.0
 */
-->
<config xmlns:xsi="http://www.w3.org/2001/XMLSchema-instance"
        xsi:noNamespaceSchemaLocation="urn:magento:framework:Acl/etc/acl.xsd">
    <acl>
        <resources>
            <resource id="Magento_Backend::admin">
                <resource id="Webinse_Core::core" title="Webinse" sortOrder="1">
                    <resource id="Webinse_AdvancedDiscountCoupons::settings" title="Advanced Discount Coupons" sortOrder="10">
                        <resource id="Webinse_AdvancedDiscountCoupons::configuration" title="Configuration" sortOrder="1"/>
                    </resource>
                </resource>
            </resource>
        </resources>
    </acl>
</config>