<!--
/**
 * Cron Tab
 *
 * @category	Webinse
 * @package 	Webinse_AdvancedDiscountCoupons
 * @author  	Webinse Team <info@webinse.com>
 * @copyright   2017 Webinse Ltd. (https://www.webinse.com)
 * @license 	http://opensource.org/licenses/OSL-3.0 The Open Software License 3.0
 */
-->
<config xmlns:xsi="http://www.w3.org/2001/XMLSchema-instance" xsi:noNamespaceSchemaLocation="urn:magento:module:Magento_Cron:etc/crontab.xsd">
    <group id="default">
    <job name="birthday_cron" instance="Webinse\AdvancedDiscountCoupons\Model\Cron" method="couponBirthday">
        <config_path>advanceddiscountcoupons/customer_birthday/cron_setting</config_path>
        </job>
        <job name="per_day_activity_cron" instance="Webinse\AdvancedDiscountCoupons\Model\Cron" method="couponPerDayActivity">
            <config_path>advanceddiscountcoupons/per_day_active_customer/cron_setting</config_path>
        </job>
        <job name="not_activity_cron" instance="Webinse\AdvancedDiscountCoupons\Model\Cron" method="couponNotActivity">
            <config_path>advanceddiscountcoupons/not_active_customer/cron_setting</config_path>
        </job>
    </group>
</config>