<?xml version="1.0"?>
<!--
/**
 * Main config of module
 *
 * @category    Webinse
 * @package     Webinse_CategoryFilter
 * @author      Webinse Team <info@webinse.com>
 * @copyright   2018 Webinse Ltd. (https://www.webinse.com)
 * @license     http://opensource.org/licenses/OSL-3.0 The Open Software License 3.0
 */
-->
<config xmlns:xsi="http://www.w3.org/2001/XMLSchema-instance" xsi:noNamespaceSchemaLocation="urn:magento:module:Magento_Config:etc/system_file.xsd">
    <system>
        <tab id="webinse_core" translate="label" sortOrder="1">
            <label>Webinse</label>
        </tab>
        <section id="category_filter_config" translate="label" sortOrder="10" showInDefault="1" showInWebsite="1" showInStore="1">
            <class>separator-top</class>
            <label>Admin Category Filter</label>
            <tab>webinse_core</tab>
            <resource>Webinse_CategoryFilter::config</resource>

            <group id="general_config_group" translate="label" type="text" sortOrder="10" showInDefault="1" showInWebsite="1" showInStore="1">
                <label>General</label>

                <field id="enabled_extension_yes_no" translate="label" type="select" sortOrder="10" showInDefault="1" showInWebsite="1" showInStore="1">
                    <label>Module Enable</label>
                    <source_model>Magento\Config\Model\Config\Source\Yesno</source_model>
                </field>
            </group>

        </section>
    </system>
</config>