<?xml version="1.0"?>
<!--
/**
 * Tabs for admin panel
 *
 * @category	Webinse
 * @package 	Webinse_AdvancedDiscountCoupons
 * @author  	Webinse Team <info@webinse.com>
 * @copyright   2017 Webinse Ltd. (https://www.webinse.com)
 * @license 	http://opensource.org/licenses/OSL-3.0 The Open Software License 3.0
 */
-->
<config xmlns:xsi="http://www.w3.org/2001/XMLSchema-instance"
        xsi:noNamespaceSchemaLocation="urn:magento:module:Magento_Config:etc/system_file.xsd">
    <system>
        <section id="advanceddiscountcoupons" translate="label" sortOrder="100" showInDefault="1" showInWebsite="1"
                 showInStore="1">
            <class>separator-top</class>
            <label>Advanced Discount Coupons</label>
            <tab>webinse_core</tab>
            <resource>Webinse_AdvancedDiscountCoupons::configuration</resource>
            <group id="general_settings"
                   translate="label"
                   type="text"
                   sortOrder="10"
                   showInDefault="1"
                   showInWebsite="1"
                   showInStore="1">
                <label>General Settings</label>
                <field id="enable"
                       translate="label"
                       type="select"
                       sortOrder="1"
                       showInDefault="1"
                       showInWebsite="1"
                       showInStore="1">
                    <label>Module Enable</label>
                    <source_model>Magento\Config\Model\Config\Source\Yesno</source_model>
                </field>
                <field id="subject_email"
                       translate="label"
                       type="text"
                       sortOrder="2"
                       showInDefault="1"
                       showInWebsite="1"
                       showInStore="1">
                    <label>Subject for email</label>
                </field>
                <field id="sender_name"
                       translate="label"
                       type="text"
                       sortOrder="3"
                       showInDefault="1"
                       showInWebsite="1"
                       showInStore="1">
                    <label>Sender Name</label>
                </field>
                <field id="sender_email"
                       translate="label"
                       type="text"
                       sortOrder="4"
                       showInDefault="1"
                       showInWebsite="1"
                       showInStore="1">
                    <label>Sender Email</label>
                </field>
            </group>
            <group id="customer_birthday"
                   translate="label"
                   type="text"
                   sortOrder="20"
                   showInDefault="1"
                   showInWebsite="1"
                   showInStore="1">
                <label>Coupon by Customer Birthday</label>
                <field id="enable"
                       translate="label"
                       type="select"
                       sortOrder="1"
                       showInDefault="1"
                       showInWebsite="1"
                       showInStore="1">
                    <label>Enable</label>
                    <source_model>Magento\Config\Model\Config\Source\Yesno</source_model>
                </field>
                <field id="send_coupon_after"
                       translate="label"
                       type="text"
                       sortOrder="2"
                       showInDefault="1"
                       showInWebsite="1"
                       showInStore="1">
                    <label>Send coupon before days</label>
                    <comment>Indicate 0 in the same day, or 1, 2, 3 etc to send the coupon before the date</comment>
                </field>
                <field id="email_template"
                        translate="label"
                        type="select"
                        sortOrder="3"
                        showInDefault="1"
                        showInWebsite="1"
                        showInStore="1">
                    <label>Email Template</label>
                    <source_model>Magento\Config\Model\Config\Source\Email\Template</source_model>
                </field>
                <field id="discount_type"
                       translate="label"
                       type="select"
                       sortOrder="4"
                       showInDefault="1"
                       showInWebsite="1"
                       showInStore="1">
                    <label>Discount type</label>
                    <source_model>Webinse\AdvancedDiscountCoupons\Model\Config\Source\DiscountType</source_model>
                </field>
                <field id="discount_amount"
                       translate="label"
                       type="text"
                       sortOrder="5"
                       showInDefault="1"
                       showInWebsite="1"
                       showInStore="1">
                    <label>Discount Amount</label>
                </field>
                <field id="expire_days"
                       translate="label"
                       type="text"
                       sortOrder="6"
                       showInDefault="1"
                       showInWebsite="1"
                       showInStore="1">
                    <label>Expire in days</label>
                </field>
                <field id="customer_group"
                       translate="label"
                       type="multiselect"
                       sortOrder="7"
                       showInDefault="1"
                       showInWebsite="1"
                       showInStore="1">
                    <label>Customer Group</label>
                    <source_model>Webinse\AdvancedDiscountCoupons\Model\Config\Source\CustomerGroup</source_model>
                </field>
                <field id="store"
                       translate="label"
                       type="multiselect"
                       sortOrder="8"
                       showInDefault="1"
                       showInWebsite="1"
                       showInStore="1">
                    <label>Website</label>
                    <source_model>Magento\Config\Model\Config\Source\Store</source_model>
                </field>
                <field id="cron_setting"
                       translate="label"
                       type="text"
                       sortOrder="9"
                       showInDefault="1"
                       showInWebsite="1"
                       showInStore="1">
                    <label>Cron setting</label>
                    <comment>Cron syntax. Default every day at 01:00 am</comment>
                </field>
            </group>
            <group id="customer_registration"
                   translate="label"
                   type="text"
                   sortOrder="20"
                   showInDefault="1"
                   showInWebsite="1"
                   showInStore="1">
                <label>Coupon by Customer Registration</label>
                <field id="enable"
                       translate="label"
                       type="select"
                       sortOrder="1"
                       showInDefault="1"
                       showInWebsite="1"
                       showInStore="1">
                    <label>Enable</label>
                    <source_model>Magento\Config\Model\Config\Source\Yesno</source_model>
                </field>
                <field id="email_template"
                       translate="label"
                       type="select"
                       sortOrder="3"
                       showInDefault="1"
                       showInWebsite="1"
                       showInStore="1">
                    <label>Email Template</label>
                    <source_model>Magento\Config\Model\Config\Source\Email\Template</source_model>
                </field>
                <field id="discount_type"
                       translate="label"
                       type="select"
                       sortOrder="4"
                       showInDefault="1"
                       showInWebsite="1"
                       showInStore="1">
                    <label>Discount type</label>
                    <source_model>Webinse\AdvancedDiscountCoupons\Model\Config\Source\DiscountType</source_model>
                </field>
                <field id="discount_amount"
                       translate="label"
                       type="text"
                       sortOrder="5"
                       showInDefault="1"
                       showInWebsite="1"
                       showInStore="1">
                    <label>Discount Amount</label>
                </field>
                <field id="expire_days"
                       translate="label"
                       type="text"
                       sortOrder="6"
                       showInDefault="1"
                       showInWebsite="1"
                       showInStore="1">
                    <label>Expire in days</label>
                </field>
                <field id="customer_group"
                       translate="label"
                       type="multiselect"
                       sortOrder="7"
                       showInDefault="1"
                       showInWebsite="1"
                       showInStore="1">
                    <label>Customer Group</label>
                    <source_model>Webinse\AdvancedDiscountCoupons\Model\Config\Source\CustomerGroup</source_model>
                </field>
                <field id="store"
                       translate="label"
                       type="multiselect"
                       sortOrder="7"
                       showInDefault="1"
                       showInWebsite="1"
                       showInStore="1">
                    <label>Website</label>
                    <source_model>Magento\Config\Model\Config\Source\Store</source_model>
                </field>
            </group>
            <group id="per_day_active_customer"
                   translate="label"
                   type="text"
                   sortOrder="30"
                   showInDefault="1"
                   showInWebsite="1"
                   showInStore="1">
                <label>Coupon by Per Day register</label>
                <field id="enable"
                       translate="label"
                       type="select"
                       sortOrder="1"
                       showInDefault="1"
                       showInWebsite="1"
                       showInStore="1">
                    <label>Enable</label>
                    <source_model>Magento\Config\Model\Config\Source\Yesno</source_model>
                </field>
                <field id="number_of_registered_days"
                       translate="label"
                       type="text"
                       sortOrder="2"
                       showInDefault="1"
                       showInWebsite="1"
                       showInStore="1">
                    <label>Number of registered days</label>
                </field>
                <field id="email_template"
                       translate="label"
                       type="select"
                       sortOrder="3"
                       showInDefault="1"
                       showInWebsite="1"
                       showInStore="1">
                    <label>Email Template</label>
                    <source_model>Magento\Config\Model\Config\Source\Email\Template</source_model>
                </field>
                <field id="discount_type"
                       translate="label"
                       type="select"
                       sortOrder="4"
                       showInDefault="1"
                       showInWebsite="1"
                       showInStore="1">
                    <label>Discount type</label>
                    <source_model>Webinse\AdvancedDiscountCoupons\Model\Config\Source\DiscountType</source_model>
                </field>
                <field id="discount_amount"
                       translate="label"
                       type="text"
                       sortOrder="5"
                       showInDefault="1"
                       showInWebsite="1"
                       showInStore="1">
                    <label>Discount Amount</label>
                </field>
                <field id="expire_days"
                       translate="label"
                       type="text"
                       sortOrder="6"
                       showInDefault="1"
                       showInWebsite="1"
                       showInStore="1">
                    <label>Expire in days</label>
                </field>
                <field id="customer_group"
                       translate="label"
                       type="multiselect"
                       sortOrder="7"
                       showInDefault="1"
                       showInWebsite="1"
                       showInStore="1">
                    <label>Customer Group</label>
                    <source_model>Webinse\AdvancedDiscountCoupons\Model\Config\Source\CustomerGroup</source_model>
                </field>
                <field id="store"
                       translate="label"
                       type="multiselect"
                       sortOrder="7"
                       showInDefault="1"
                       showInWebsite="1"
                       showInStore="1">
                    <label>Website</label>
                    <source_model>Magento\Config\Model\Config\Source\Store</source_model>
                </field>
                <field id="cron_setting"
                       translate="label"
                       type="text"
                       sortOrder="9"
                       showInDefault="1"
                       showInWebsite="1"
                       showInStore="1">
                    <label>Cron setting</label>
                    <comment>Cron syntax. Default every day at 01:00 am</comment>
                </field>
            </group>
            <group id="not_active_customer"
                   translate="label"
                   type="text"
                   sortOrder="40"
                   showInDefault="1"
                   showInWebsite="1"
                   showInStore="1">
                <label>Coupon by Not Activity Customer</label>
                <field id="enable"
                       translate="label"
                       type="select"
                       sortOrder="1"
                       showInDefault="1"
                       showInWebsite="1"
                       showInStore="1">
                    <label>Enable</label>
                    <source_model>Magento\Config\Model\Config\Source\Yesno</source_model>
                </field>
                <field id="day_not_activity"
                       translate="label"
                       type="text"
                       sortOrder="2"
                       showInDefault="1"
                       showInWebsite="1"
                       showInStore="1">
                    <label>Number not activity days</label>
                </field>
                <field id="email_template"
                       translate="label"
                       type="select"
                       sortOrder="3"
                       showInDefault="1"
                       showInWebsite="1"
                       showInStore="1">
                    <label>Email Template</label>
                    <source_model>Magento\Config\Model\Config\Source\Email\Template</source_model>
                </field>
                <field id="discount_type"
                       translate="label"
                       type="select"
                       sortOrder="4"
                       showInDefault="1"
                       showInWebsite="1"
                       showInStore="1">
                    <label>Discount type</label>
                    <source_model>Webinse\AdvancedDiscountCoupons\Model\Config\Source\DiscountType</source_model>
                </field>
                <field id="discount_amount"
                       translate="label"
                       type="text"
                       sortOrder="5"
                       showInDefault="1"
                       showInWebsite="1"
                       showInStore="1">
                    <label>Discount Amount</label>
                </field>
                <field id="expire_days"
                       translate="label"
                       type="text"
                       sortOrder="6"
                       showInDefault="1"
                       showInWebsite="1"
                       showInStore="1">
                    <label>Expire in days</label>
                </field>
                <field id="customer_group"
                       translate="label"
                       type="multiselect"
                       sortOrder="7"
                       showInDefault="1"
                       showInWebsite="1"
                       showInStore="1">
                    <label>Customer Group</label>
                    <source_model>Webinse\AdvancedDiscountCoupons\Model\Config\Source\CustomerGroup</source_model>
                </field>
                <field id="store"
                       translate="label"
                       type="multiselect"
                       sortOrder="7"
                       showInDefault="1"
                       showInWebsite="1"
                       showInStore="1">
                    <label>Website</label>
                    <source_model>Magento\Config\Model\Config\Source\Store</source_model>
                </field>
                <field id="cron_setting"
                       translate="label"
                       type="text"
                       sortOrder="9"
                       showInDefault="1"
                       showInWebsite="1"
                       showInStore="1">
                    <label>Cron setting</label>
                    <comment>Cron syntax. Default every day at 01:00 am</comment>
                </field>
            </group>
            <group id="order_count"
                   translate="label"
                   type="text"
                   sortOrder="60"
                   showInDefault="1"
                   showInWebsite="1"
                   showInStore="1">
                <label>Coupon by Order Count</label>
                <field id="enable"
                       translate="label"
                       type="select"
                       sortOrder="1"
                       showInDefault="1"
                       showInWebsite="1"
                       showInStore="1">
                    <label>Enable</label>
                    <source_model>Magento\Config\Model\Config\Source\Yesno</source_model>
                </field>
                <field id="number_of_orders"
                       translate="label"
                       type="text"
                       sortOrder="2"
                       showInDefault="1"
                       showInWebsite="1"
                       showInStore="1">
                    <label>Number of Orders</label>
                </field>
                <field id="email_template"
                       translate="label"
                       type="select"
                       sortOrder="3"
                       showInDefault="1"
                       showInWebsite="1"
                       showInStore="1">
                    <label>Email Template</label>
                    <source_model>Magento\Config\Model\Config\Source\Email\Template</source_model>
                </field>
                <field id="discount_type"
                       translate="label"
                       type="select"
                       sortOrder="4"
                       showInDefault="1"
                       showInWebsite="1"
                       showInStore="1">
                    <label>Discount type</label>
                    <source_model>Webinse\AdvancedDiscountCoupons\Model\Config\Source\DiscountType</source_model>
                </field>
                <field id="discount_amount"
                       translate="label"
                       type="text"
                       sortOrder="5"
                       showInDefault="1"
                       showInWebsite="1"
                       showInStore="1">
                    <label>Discount Amount</label>
                </field>
                <field id="expire_days"
                       translate="label"
                       type="text"
                       sortOrder="6"
                       showInDefault="1"
                       showInWebsite="1"
                       showInStore="1">
                    <label>Expire in days</label>
                </field>
                <field id="customer_group"
                       translate="label"
                       type="multiselect"
                       sortOrder="7"
                       showInDefault="1"
                       showInWebsite="1"
                       showInStore="1">
                    <label>Customer Group</label>
                    <source_model>Webinse\AdvancedDiscountCoupons\Model\Config\Source\CustomerGroup</source_model>
                </field>
                <field id="store"
                       translate="label"
                       type="multiselect"
                       sortOrder="7"
                       showInDefault="1"
                       showInWebsite="1"
                       showInStore="1">
                    <label>Website</label>
                    <source_model>Magento\Config\Model\Config\Source\Store</source_model>
                </field>
            </group>
            <group id="coupon_holidays"
                   translate="label"
                   type="text"
                   sortOrder="70"
                   showInDefault="1"
                   showInWebsite="1"
                   showInStore="1">
                <label>Coupon by Holidays</label>
                <field id="enable"
                       translate="label"
                       type="select"
                       sortOrder="1"
                       showInDefault="1"
                       showInWebsite="1"
                       showInStore="1">
                    <label>Enable</label>
                    <source_model>Magento\Config\Model\Config\Source\Yesno</source_model>
                </field>
                <field id="holiday_name"
                       translate="label"
                       type="text"
                       sortOrder="3"
                       showInDefault="1"
                       showInWebsite="1"
                       showInStore="1">
                    <label>Holiday Name</label>
                </field>
                <field id="mageworx_collect" translate="label comment" type="button" sortOrder="2" showInDefault="1" showInWebsite="1" showInStore="0">
                    <frontend_model>Webinse\AdvancedDiscountCoupons\Block\Adminhtml\Config\System\Button</frontend_model>
                    <label>Create new coupons for holiday</label>
                    <comment><![CDATA[<strong style="color:red;">Notice!</strong> Save Config before applying settings.]]></comment>
                </field>
                <field id="start_date" translate="label" sortOrder="2" showInDefault="1" showInWebsite="1" showInStore="1">
                    <label>Start day for coupon</label>
                    <frontend_model>Webinse\AdvancedDiscountCoupons\Block\Adminhtml\Config\System\DatePicker</frontend_model>
                </field>
                <field id="send_coupon_after"
                       translate="label"
                       type="text"
                       sortOrder="3"
                       showInDefault="1"
                       showInWebsite="1"
                       showInStore="1">
                    <label>Send coupon before days</label>
                    <comment>Indicate 0 in the same day, or 1, 2, 3 etc to send the coupon before the date</comment>
                </field>
                <field id="email_template"
                       translate="label"
                       type="select"
                       sortOrder="4"
                       showInDefault="1"
                       showInWebsite="1"
                       showInStore="1">
                    <label>Email Template</label>
                    <source_model>Magento\Config\Model\Config\Source\Email\Template</source_model>
                </field>
                <field id="discount_type"
                       translate="label"
                       type="select"
                       sortOrder="5"
                       showInDefault="1"
                       showInWebsite="1"
                       showInStore="1">
                    <label>Discount type</label>
                    <source_model>Webinse\AdvancedDiscountCoupons\Model\Config\Source\DiscountType</source_model>
                </field>
                <field id="discount_amount"
                       translate="label"
                       type="text"
                       sortOrder="6"
                       showInDefault="1"
                       showInWebsite="1"
                       showInStore="1">
                    <label>Discount Amount</label>
                </field>
                <field id="expire_days"
                       translate="label"
                       type="text"
                       sortOrder="7"
                       showInDefault="1"
                       showInWebsite="1"
                       showInStore="1">
                    <label>Expire in days</label>
                </field>
                <field id="customer_group"
                       translate="label"
                       type="multiselect"
                       sortOrder="8"
                       showInDefault="1"
                       showInWebsite="1"
                       showInStore="1">
                    <label>Customer Group</label>
                    <source_model>Webinse\AdvancedDiscountCoupons\Model\Config\Source\CustomerGroup</source_model>
                </field>
                <field id="store"
                       translate="label"
                       type="multiselect"
                       sortOrder="9"
                       showInDefault="1"
                       showInWebsite="1"
                       showInStore="1">
                    <label>Website</label>
                    <source_model>Magento\Config\Model\Config\Source\Store</source_model>
                </field>
            </group>
        </section>
    </system>
</config>