<?xml version="1.0"?>
<!--
/**
 * Main config of module
 *
 * @category    Webinse
 * @package     Webinse_AbandonedCart
 * @author      Webinse Team <info@webinse.com>
 * @copyright   2018 Webinse Ltd. (https://www.webinse.com)
 * @license     http://opensource.org/licenses/OSL-3.0 The Open Software License 3.0
 */
-->

<config xmlns:xsi="http://www.w3.org/2001/XMLSchema-instance" xsi:noNamespaceSchemaLocation="urn:magento:module:Magento_Config:etc/system_file.xsd">
    <system>
        <section id="abandonedcart" translate="label" sortOrder="10" showInDefault="1" showInWebsite="1" showInStore="1">
            <class>separator-top</class>
            <label>Abandoned Cart Configuration</label>
            <tab>webinse_core</tab>
            <resource>Webinse_AbandonedCart::abandonedcart_configurations</resource>
            <group id="abandonedcart_group" translate="label" type="text" sortOrder="10" showInDefault="1" showInWebsite="1" showInStore="1">
                <label>Configuration</label>

                <field id="enabled_extension_yes_no" translate="label" type="select" sortOrder="11" showInDefault="1" showInWebsite="1" showInStore="1">
                    <label>Module Enable</label>
                    <source_model>Magento\Config\Model\Config\Source\Yesno</source_model>
                </field>

                <field id="autosend" translate="label comment" type="select" sortOrder="12" showInDefault="1" showInWebsite="1" showInStore="1">
                    <label>Disable auto sending?</label>
                    <depends>
                        <field id="*/*/enabled_extension_yes_no">1</field>
                    </depends>
                    <source_model>Magento\Config\Model\Config\Source\Yesno</source_model>
                </field>

                <field id="send_button" translate="label comment" type="button" sortOrder="13" showInDefault="1" showInWebsite="1" showInStore="0">
                    <depends>
                        <field id="*/*/enabled_extension_yes_no">1</field>
                        <field id="*/*/autosend">1</field>
                    </depends>
                    <frontend_model>Webinse\AbandonedCart\Block\Adminhtml\System\Config\Buttons\ConfigSendButton</frontend_model>
                    <comment>You must save the changes in order to send messages!</comment>
                </field>

                <field id="min_days" translate="label comment" type="select" sortOrder="15" showInDefault="1" showInWebsite="1" showInStore="1">
                    <label>Abandoned Cart Min  Days</label>
                    <depends>
                        <field id="*/*/enabled_extension_yes_no">1</field>
                    </depends>
                    <source_model>Webinse\AbandonedCart\Block\Adminhtml\System\Config\MinDays</source_model>
                </field>

                <field id="hours" translate="label comment" type="select" sortOrder="16" showInDefault="1" showInWebsite="1" showInStore="1">
                    <label>Time of sending messages</label>
                    <depends>
                        <field id="*/*/enabled_extension_yes_no">1</field>
                    </depends>
                    <source_model>Webinse\AbandonedCart\Block\Adminhtml\System\Config\SendingHours</source_model>
                </field>

                <field id="message_delay" translate="label comment tooltip" type="select" sortOrder="20" showInDefault="1" showInWebsite="1" showInStore="1">
                    <label>Message Delay</label>
                    <depends>
                        <field id="*/*/enabled_extension_yes_no">1</field>
                    </depends>
                    <source_model>Webinse\AbandonedCart\Block\Adminhtml\System\Config\MessageDelay</source_model>
                    <comment>Time in the seconds</comment>
                </field>

                <field id="email_template" translate="label comment" type="select" sortOrder="25" showInDefault="1" showInWebsite="1" showInStore="1">
                    <label>Default EMAIL Template</label>
                    <depends>
                        <field id="*/*/enabled_extension_yes_no">1</field>
                    </depends>
                    <source_model>Magento\Config\Model\Config\Source\Email\Template</source_model>
                </field>

                <field id="add_new_template_button" translate="label comment" type="button" sortOrder="27" showInDefault="1" showInWebsite="1" showInStore="0">
                    <depends>
                        <field id="*/*/enabled_extension_yes_no">1</field>
                    </depends>
                    <frontend_model>Webinse\AbandonedCart\Block\Adminhtml\System\Config\Buttons\AddNewTemplateButton</frontend_model>
                </field>

                <field id="register_yes_no" translate="label" type="select" sortOrder="30" showInDefault="1" showInWebsite="1" showInStore="1">
                    <label>Only registered customers</label>
                    <depends>
                        <field id="*/*/enabled_extension_yes_no">1</field>
                    </depends>
                    <source_model>Magento\Config\Model\Config\Source\Yesno</source_model>
                </field>

                <field id="max_quantity" translate="label comment" type="select" sortOrder="35" showInDefault="1" showInWebsite="1" showInStore="1">
                    <label>Maximum number of notifications</label>
                    <depends>
                        <field id="*/*/enabled_extension_yes_no">1</field>
                    </depends>
                    <source_model>Webinse\AbandonedCart\Block\Adminhtml\System\Config\MaxQuantity</source_model>
                </field>

            </group>

            <group id="sender_config" translate="label" type="text" sortOrder="200" showInDefault="1" showInWebsite="1" showInStore="1">
                <label>Sender Configuration</label>
                <field id="sender_name" translate="label comment tooltip" type="text" sortOrder="210" showInDefault="1" showInWebsite="1" showInStore="1">
                    <validate>required-entry</validate>
                    <label>Sender Name</label>
                </field>

                <field id="sender_email" translate="label comment tooltip" type="text" sortOrder="220" showInDefault="1" showInWebsite="1" showInStore="1">
                    <validate>required-entry</validate>
                    <label>Sender Email</label>
                </field>

                <field id="button" translate="label comment" type="button" sortOrder="230" showInDefault="1" showInWebsite="1" showInStore="1">
                    <frontend_model>Webinse\AbandonedCart\Block\Adminhtml\System\Config\Buttons\TestEmailButton</frontend_model>
                    <comment>You must save the changes in order to send test messages!</comment>
                </field>
            </group>

        </section>
    </system>
</config>